age_normalized,bmi_normalized,pre_surgery_mobility,resting_heart_rate,systolic_bp,hemoglobin_level,pain_tolerance,preexisting_conditions,physical_therapy_compliance,nutritional_status,sleep_quality,medication_adherence
0.4291353948523994,0.29918631899632886,0.3900895567830547,0.6002342171604065,0.5523826074866192,0.8995267915349043,0.6662908097917639,0.45827572999020083,0.7845135054861567,0.06166077825413141,0.5160325585651145,0.9613615953530995
